subreddit,vocab_size,word_count,size_count,vocab_per_thread,tw1,tw2,tw3,tw4,tw5,tw6,tw7,tw8,tw9,tw10
roastme,54,54,1.0,0.019445444724522868,expert,hands,use,administration,folding,yeah,laptop,hope,hold,edge,
politicaldiscussion,17001,85011,0.1999858841796944,12.556129985228951,trump,clinton,party,election,2016,campaign,people,donald,president,republican,
Showerthoughts,6010,17252,0.34836540690934387,2.2144436256448046,time,edit,back,people,day,even,good,work,still,much,
westworld,4449,10379,0.42865401291068506,3.7075,people,edit,time,even,trump,first,new,two,right,see,
askscience,5380,13156,0.40893888719975674,2.713061018658598,people,edit,good,something,time,voice,see,really,many,much,
history,3771,7780,0.4847043701799486,2.093836757357024,time,people,edit,see,really,work,much,back,never,think,
ALL_SUBREDDITS,41171,355642,0.1157652920633671,0.9903064415259537,norman,time,trump,back,people,said,work,edit,thought,day,
TwoXChromosomes,3626,7975,0.45467084639498434,1.6810384793694946,time,edit,people,really,back,first,work,much,day,years,
tifu,10518,48202,0.21820671341438114,7.412262156448203,tifu,time,back,edit,really,said,first,people,work,day,
WritingPrompts,1819,2776,0.6552593659942363,0.675454883030078,day,really,something,people,time,lot,well,first,actually,right,
ShittyPoetry,4143,8852,0.46802982376863983,3.811407543698252,time,back,love,edit,never,day,still,said,good,fuck,
LifeProTips,6725,20246,0.33216437814877015,3.2269673704414585,lpt,edit,time,people,something,work,see,back,first,even,
now,14,14,1.0,3.3674892961947373E-4,college,clarify,bucks,town,use,hunti,show,really,empty,ripped,
VoiceActing,3656,7945,0.46016362492133417,3.4232209737827715,edit,time,voice,people,first,thanks,think,really,back,good,
sides,51,52,0.9807692307692307,0.0012267282436137972,little,ataring,achievement,told,sobnieve,happy,good,second,tried,falls,
Poetry,3597,7206,0.49916736053288924,0.08652042141723193,time,back,first,people,see,day,love,thought,edit,said,
lifeofnorman,11340,64043,0.17706853208000875,7.246006389776358,norman,thought,said,back,work,time,man,day,decided,home,
AskReddit,1357,1849,0.7339102217414819,0.5040861812778603,time,people,edit,thanks,post,show,give,point,see,something,
tellmeafact,2247,3842,0.5848516397709527,1.7100456621004567,tmaf,comments,tellmeafact,amp,nbsp,people,score,time,best,edit,
explainlikeimfive,6931,19260,0.359865005192108,2.5708456973293767,eli5,people,edit,time,work,see,voice,really,take,much,
jokes,8051,29733,0.27077657821276024,2.476468778837281,norman,said,man,says,time,day,back,really,well,home,
poetry,15,15,1.0,0.01267962806424345,hang,beak,buy,comes,purchase,house,onto,long,general,naturally,
